{
  "threshold": 0.7261630981110665,
  "weights": [
    1.9637144743512338,
    0.3169664184031755,
    1.702941580715635,
    1.0
  ],
  "timestamp": "2025-06-18T20:04:01.041528"
}
