{
  "threshold": 0.5803396744465278,
  "weights": [
    0.5981115032325348,
    0.4915022833612581,
    1.6893142362312314
  ],
  "timestamp": "2025-06-17T21:58:10.416079"
}